alter session set container = XEPDB1;

-- Special characters such as the ampersand will result in prompt without this directive.
SET DEFINE OFF;

-- Actions
INSERT INTO JAWS_OWNER.ACTION (ACTION_ID, SYSTEM_ID, PRIORITY_ID, NAME, RATIONALE, CORRECTIVE_ACTION, FILTERABLE, LATCHABLE, ON_DELAY_SECONDS, OFF_DELAY_SECONDS) VALUES (1, 1, 3, 'Position', 'Rationale goes here', 'Corrective action goes here', 'Y', 'N', 10, null);
INSERT INTO JAWS_OWNER.ACTION (ACTION_ID, SYSTEM_ID, PRIORITY_ID, NAME, RATIONALE, CORRECTIVE_ACTION, FILTERABLE, LATCHABLE, ON_DELAY_SECONDS, OFF_DELAY_SECONDS) VALUES (2, 1, 3, 'Interception', 'Rationale goes here', 'Corrective action goes here', 'Y', 'N', 10, null);

DROP SEQUENCE JAWS_OWNER.ACTION_ID;
CREATE SEQUENCE JAWS_OWNER.ACTION_ID
    INCREMENT BY 1
    START WITH 3
    NOCYCLE
    NOCACHE
    ORDER;

-- Sync Rules
INSERT INTO JAWS_OWNER.SYNC_RULE(SYNC_RULE_ID, ACTION_ID, SYNC_SERVER_ID, QUERY, SCREEN_COMMAND, PV) VALUES (1, 1, 1, 't=Aperture', null, '{ElementName}');

DROP SEQUENCE JAWS_OWNER.SYNC_RULE_ID;
CREATE SEQUENCE JAWS_OWNER.SYNC_RULE_ID
    INCREMENT BY 1
    START WITH 2
    NOCYCLE
    NOCACHE
    ORDER;

-- Alarms
INSERT INTO JAWS_OWNER.ALARM (ALARM_ID, ACTION_ID, NAME, DEVICE, SCREEN_COMMAND, MASKED_BY, PV, SYNC_RULE_ID) VALUES (1, 1, 'Central Plug', null, null, null, 'IDA0I04T', 1);
INSERT INTO JAWS_OWNER.ALARM (ALARM_ID, ACTION_ID, NAME, DEVICE, SCREEN_COMMAND, MASKED_BY, PV) VALUES (2, 2, 'IFY0IA1 Interception', null, null, null, 'IFY0IA1CORRECTED');
INSERT INTO JAWS_OWNER.ALARM (ALARM_ID, ACTION_ID, NAME, DEVICE, SCREEN_COMMAND, MASKED_BY, PV) VALUES (3, 1, 'IFY0IA1 Position', null, null, null, 'VRD0IA1AbsPosR');
INSERT INTO JAWS_OWNER.ALARM (ALARM_ID, ACTION_ID, NAME, DEVICE, SCREEN_COMMAND, MASKED_BY, PV) VALUES (4, 2, 'IFY0IA2 Interception', null, null, null, 'IFY0IA2CORRECTED');
INSERT INTO JAWS_OWNER.ALARM (ALARM_ID, ACTION_ID, NAME, DEVICE, SCREEN_COMMAND, MASKED_BY, PV) VALUES (5, 2, 'IFY0IA3 Interception', null, null, null, 'IFY0IA3CORRECTED');
INSERT INTO JAWS_OWNER.ALARM (ALARM_ID, ACTION_ID, NAME, DEVICE, SCREEN_COMMAND, MASKED_BY, PV) VALUES (6, 2, 'IFY0IA4 Interception', null, null, null, 'IFY0IA4CORRECTED');
INSERT INTO JAWS_OWNER.ALARM (ALARM_ID, ACTION_ID, NAME, DEVICE, SCREEN_COMMAND, MASKED_BY, PV) VALUES (7, 2, 'ISLK302 Interception', null, null, null, 'ISLK302K6485correctedCur');
INSERT INTO JAWS_OWNER.ALARM (ALARM_ID, ACTION_ID, NAME, DEVICE, SCREEN_COMMAND, MASKED_BY, PV) VALUES (8, 2, 'ISLK401 Interception', null, null, null, 'ISLK401K6485correctedCur');
INSERT INTO JAWS_OWNER.ALARM (ALARM_ID, ACTION_ID, NAME, DEVICE, SCREEN_COMMAND, MASKED_BY, PV) VALUES (9, 2, 'ISLK403 Interception', null, null, null, 'ISLK403K6485correctedCur');
INSERT INTO JAWS_OWNER.ALARM (ALARM_ID, ACTION_ID, NAME, DEVICE, SCREEN_COMMAND, MASKED_BY, PV) VALUES (10, 1, 'Master Slit', null, null, null, 'ISL0I04DT');

DROP SEQUENCE JAWS_OWNER.ALARM_ID;
CREATE SEQUENCE JAWS_OWNER.ALARM_ID
    INCREMENT BY 1
    START WITH 11
    NOCYCLE
    NOCACHE
    ORDER;

-- Alarm_locations
INSERT INTO JAWS_OWNER.ALARM_LOCATION (ALARM_ID, LOCATION_ID) VALUES (1, 6);
INSERT INTO JAWS_OWNER.ALARM_LOCATION (ALARM_ID, LOCATION_ID) VALUES (2, 6);
INSERT INTO JAWS_OWNER.ALARM_LOCATION (ALARM_ID, LOCATION_ID) VALUES (3, 6);
INSERT INTO JAWS_OWNER.ALARM_LOCATION (ALARM_ID, LOCATION_ID) VALUES (4, 6);
INSERT INTO JAWS_OWNER.ALARM_LOCATION (ALARM_ID, LOCATION_ID) VALUES (5, 6);
INSERT INTO JAWS_OWNER.ALARM_LOCATION (ALARM_ID, LOCATION_ID) VALUES (6, 6);
INSERT INTO JAWS_OWNER.ALARM_LOCATION (ALARM_ID, LOCATION_ID) VALUES (7, 5);
INSERT INTO JAWS_OWNER.ALARM_LOCATION (ALARM_ID, LOCATION_ID) VALUES (8, 5);
INSERT INTO JAWS_OWNER.ALARM_LOCATION (ALARM_ID, LOCATION_ID) VALUES (9, 5);
INSERT INTO JAWS_OWNER.ALARM_LOCATION (ALARM_ID, LOCATION_ID) VALUES (10, 6);