alter session set container = XEPDB1;

-- Special characters such as the ampersand will result in prompt without this directive.
SET DEFINE OFF;

-- Priorities
INSERT INTO JAWS_OWNER.PRIORITY (PRIORITY_ID, NAME) VALUES (1, 'P1_CRITICAL');
INSERT INTO JAWS_OWNER.PRIORITY (PRIORITY_ID, NAME) VALUES (2, 'P2_MAJOR');
INSERT INTO JAWS_OWNER.PRIORITY (PRIORITY_ID, NAME) VALUES (3, 'P3_MINOR');
INSERT INTO JAWS_OWNER.PRIORITY (PRIORITY_ID, NAME) VALUES (4, 'P4_INCIDENTAL');

DROP SEQUENCE JAWS_OWNER.PRIORITY_ID;
CREATE SEQUENCE JAWS_OWNER.PRIORITY_ID
    INCREMENT BY 1
    START WITH 5
    NOCYCLE
    NOCACHE
    ORDER;

-- Teams
INSERT INTO JAWS_OWNER.TEAM (TEAM_ID, NAME) VALUES (1, 'Cryo');
INSERT INTO JAWS_OWNER.TEAM (TEAM_ID, NAME) VALUES (2, 'DC Power');
INSERT INTO JAWS_OWNER.TEAM (TEAM_ID, NAME) VALUES (3, 'Facilities');
INSERT INTO JAWS_OWNER.TEAM (TEAM_ID, NAME) VALUES (4, 'Gun (CIS)');
INSERT INTO JAWS_OWNER.TEAM (TEAM_ID, NAME) VALUES (5, 'Injector');
INSERT INTO JAWS_OWNER.TEAM (TEAM_ID, NAME) VALUES (6, 'Optics');
INSERT INTO JAWS_OWNER.TEAM (TEAM_ID, NAME) VALUES (7, 'High Level Apps');
INSERT INTO JAWS_OWNER.TEAM (TEAM_ID, NAME) VALUES (8, 'I&C Hardware');
INSERT INTO JAWS_OWNER.TEAM (TEAM_ID, NAME) VALUES (9, 'Low Level Apps');
INSERT INTO JAWS_OWNER.TEAM (TEAM_ID, NAME) VALUES (10, 'Ops');
INSERT INTO JAWS_OWNER.TEAM (TEAM_ID, NAME) VALUES (11, 'RADCON');
INSERT INTO JAWS_OWNER.TEAM (TEAM_ID, NAME) VALUES (12, 'RF');
INSERT INTO JAWS_OWNER.TEAM (TEAM_ID, NAME) VALUES (13, 'SSG');
INSERT INTO JAWS_OWNER.TEAM (TEAM_ID, NAME) VALUES (14, 'Vacuum');

DROP SEQUENCE JAWS_OWNER.TEAM_ID;
CREATE SEQUENCE JAWS_OWNER.TEAM_ID
    INCREMENT BY 1
    START WITH 18
    NOCYCLE
    NOCACHE
    ORDER;

-- Categories
INSERT INTO JAWS_OWNER.COMPONENT (COMPONENT_ID, TEAM_ID, NAME) VALUES (1, 5, 'Aperture');
INSERT INTO JAWS_OWNER.COMPONENT (COMPONENT_ID, TEAM_ID, NAME) VALUES (2, 8, 'BCM');
INSERT INTO JAWS_OWNER.COMPONENT (COMPONENT_ID, TEAM_ID, NAME) VALUES (3, 13, 'BELS');
INSERT INTO JAWS_OWNER.COMPONENT (COMPONENT_ID, TEAM_ID, NAME) VALUES (4, 13, 'BLM');
INSERT INTO JAWS_OWNER.COMPONENT (COMPONENT_ID, TEAM_ID, NAME) VALUES (5, 8, 'Beam Dump');
INSERT INTO JAWS_OWNER.COMPONENT (COMPONENT_ID, TEAM_ID, NAME) VALUES (6, 2, 'Box PS');
INSERT INTO JAWS_OWNER.COMPONENT (COMPONENT_ID, TEAM_ID, NAME) VALUES (7, 8, 'CAMAC');
INSERT INTO JAWS_OWNER.COMPONENT (COMPONENT_ID, TEAM_ID, NAME) VALUES (8, 1, 'Cryo');
INSERT INTO JAWS_OWNER.COMPONENT (COMPONENT_ID, TEAM_ID, NAME) VALUES (9, 3, 'Demand Power');
INSERT INTO JAWS_OWNER.COMPONENT (COMPONENT_ID, TEAM_ID, NAME) VALUES (10, 4, 'Gun');
INSERT INTO JAWS_OWNER.COMPONENT (COMPONENT_ID, TEAM_ID, NAME) VALUES (11, 8, 'Harp');
INSERT INTO JAWS_OWNER.COMPONENT (COMPONENT_ID, TEAM_ID, NAME) VALUES (12, 2, 'Helicity');
INSERT INTO JAWS_OWNER.COMPONENT (COMPONENT_ID, TEAM_ID, NAME) VALUES (13, 9, 'IOC');
INSERT INTO JAWS_OWNER.COMPONENT (COMPONENT_ID, TEAM_ID, NAME) VALUES (14, 13, 'Ion Chamber');
INSERT INTO JAWS_OWNER.COMPONENT (COMPONENT_ID, TEAM_ID, NAME) VALUES (15, 3, 'LCW');
INSERT INTO JAWS_OWNER.COMPONENT (COMPONENT_ID, TEAM_ID, NAME) VALUES (16, 4, 'Laser');
INSERT INTO JAWS_OWNER.COMPONENT (COMPONENT_ID, TEAM_ID, NAME) VALUES (17, 12, 'MO');
INSERT INTO JAWS_OWNER.COMPONENT (COMPONENT_ID, TEAM_ID, NAME) VALUES (18, 9, 'Misc');
INSERT INTO JAWS_OWNER.COMPONENT (COMPONENT_ID, TEAM_ID, NAME) VALUES (19, 13, 'ODH');
INSERT INTO JAWS_OWNER.COMPONENT (COMPONENT_ID, TEAM_ID, NAME) VALUES (20, 12, 'RF');
INSERT INTO JAWS_OWNER.COMPONENT (COMPONENT_ID, TEAM_ID, NAME) VALUES (21, 12, 'RF Separators');
INSERT INTO JAWS_OWNER.COMPONENT (COMPONENT_ID, TEAM_ID, NAME) VALUES (22, 11, 'RadCon');
INSERT INTO JAWS_OWNER.COMPONENT (COMPONENT_ID, TEAM_ID, NAME) VALUES (23, 2, 'Trim');
INSERT INTO JAWS_OWNER.COMPONENT (COMPONENT_ID, TEAM_ID, NAME) VALUES (24, 2, 'Trim Rack');
INSERT INTO JAWS_OWNER.COMPONENT (COMPONENT_ID, TEAM_ID, NAME) VALUES (25, 14, 'Vacuum Pump');
INSERT INTO JAWS_OWNER.COMPONENT (COMPONENT_ID, TEAM_ID, NAME) VALUES (26, 5, 'Warm RF');

DROP SEQUENCE JAWS_OWNER.COMPONENT_ID;
CREATE SEQUENCE JAWS_OWNER.COMPONENT_ID
    INCREMENT BY 1
    START WITH 27
    NOCYCLE
    NOCACHE
    ORDER;

-- Locations
INSERT INTO JAWS_OWNER.LOCATION (LOCATION_ID, PARENT_ID, NAME) VALUES (1, null, 'SITE');
INSERT INTO JAWS_OWNER.LOCATION (LOCATION_ID, PARENT_ID, NAME) VALUES (2, 1, 'CEBAF');
INSERT INTO JAWS_OWNER.LOCATION (LOCATION_ID, PARENT_ID, NAME) VALUES (3, 1, 'CHL');
INSERT INTO JAWS_OWNER.LOCATION (LOCATION_ID, PARENT_ID, NAME) VALUES (4, 1, 'LERF');
INSERT INTO JAWS_OWNER.LOCATION (LOCATION_ID, PARENT_ID, NAME) VALUES (5, 1, 'UITF');
INSERT INTO JAWS_OWNER.LOCATION (LOCATION_ID, PARENT_ID, NAME) VALUES (6, 2, 'Injector');
INSERT INTO JAWS_OWNER.LOCATION (LOCATION_ID, PARENT_ID, NAME) VALUES (7, 2, 'North Linac');
INSERT INTO JAWS_OWNER.LOCATION (LOCATION_ID, PARENT_ID, NAME) VALUES (8, 2, 'South Linac');
INSERT INTO JAWS_OWNER.LOCATION (LOCATION_ID, PARENT_ID, NAME) VALUES (9, 2, 'East Arc');
INSERT INTO JAWS_OWNER.LOCATION (LOCATION_ID, PARENT_ID, NAME) VALUES (10, 2, 'West Arc');
INSERT INTO JAWS_OWNER.LOCATION (LOCATION_ID, PARENT_ID, NAME) VALUES (11, 2, 'BSY');
INSERT INTO JAWS_OWNER.LOCATION (LOCATION_ID, PARENT_ID, NAME) VALUES (12, 2, 'HallA');
INSERT INTO JAWS_OWNER.LOCATION (LOCATION_ID, PARENT_ID, NAME) VALUES (13, 2, 'HallB');
INSERT INTO JAWS_OWNER.LOCATION (LOCATION_ID, PARENT_ID, NAME) VALUES (14, 2, 'HallC');
INSERT INTO JAWS_OWNER.LOCATION (LOCATION_ID, PARENT_ID, NAME) VALUES (15, 2, 'HallD');
INSERT INTO JAWS_OWNER.LOCATION (LOCATION_ID, PARENT_ID, NAME) VALUES (16, 6, '1D');
INSERT INTO JAWS_OWNER.LOCATION (LOCATION_ID, PARENT_ID, NAME) VALUES (17, 6, '2D');
INSERT INTO JAWS_OWNER.LOCATION (LOCATION_ID, PARENT_ID, NAME) VALUES (18, 6, '3D');
INSERT INTO JAWS_OWNER.LOCATION (LOCATION_ID, PARENT_ID, NAME) VALUES (19, 6, '4D');
INSERT INTO JAWS_OWNER.LOCATION (LOCATION_ID, PARENT_ID, NAME) VALUES (20, 6, '5D');
INSERT INTO JAWS_OWNER.LOCATION (LOCATION_ID, PARENT_ID, NAME) VALUES (21, 9, 'ARC1');
INSERT INTO JAWS_OWNER.LOCATION (LOCATION_ID, PARENT_ID, NAME) VALUES (22, 9, 'ARC3');
INSERT INTO JAWS_OWNER.LOCATION (LOCATION_ID, PARENT_ID, NAME) VALUES (23, 9, 'ARC5');
INSERT INTO JAWS_OWNER.LOCATION (LOCATION_ID, PARENT_ID, NAME) VALUES (24, 9, 'ARC7');
INSERT INTO JAWS_OWNER.LOCATION (LOCATION_ID, PARENT_ID, NAME) VALUES (25, 9, 'ARC9');
INSERT INTO JAWS_OWNER.LOCATION (LOCATION_ID, PARENT_ID, NAME) VALUES (26, 10, 'ARC2');
INSERT INTO JAWS_OWNER.LOCATION (LOCATION_ID, PARENT_ID, NAME) VALUES (27, 10, 'ARC4');
INSERT INTO JAWS_OWNER.LOCATION (LOCATION_ID, PARENT_ID, NAME) VALUES (28, 10, 'ARC6');
INSERT INTO JAWS_OWNER.LOCATION (LOCATION_ID, PARENT_ID, NAME) VALUES (29, 10, 'ARC8');
INSERT INTO JAWS_OWNER.LOCATION (LOCATION_ID, PARENT_ID, NAME) VALUES (30, 10, 'ARCA');
INSERT INTO JAWS_OWNER.LOCATION (LOCATION_ID, PARENT_ID, NAME) VALUES (31, 11, 'BSY Dump');
INSERT INTO JAWS_OWNER.LOCATION (LOCATION_ID, PARENT_ID, NAME) VALUES (32, 11, 'BSY2');
INSERT INTO JAWS_OWNER.LOCATION (LOCATION_ID, PARENT_ID, NAME) VALUES (33, 11, 'BSY4');
INSERT INTO JAWS_OWNER.LOCATION (LOCATION_ID, PARENT_ID, NAME) VALUES (34, 11, 'BSY6');
INSERT INTO JAWS_OWNER.LOCATION (LOCATION_ID, PARENT_ID, NAME) VALUES (35, 11, 'BSY8');
INSERT INTO JAWS_OWNER.LOCATION (LOCATION_ID, PARENT_ID, NAME) VALUES (36, 11, 'BSYA');
INSERT INTO JAWS_OWNER.LOCATION (LOCATION_ID, PARENT_ID, NAME) VALUES (37, 7, 'Linac1');
INSERT INTO JAWS_OWNER.LOCATION (LOCATION_ID, PARENT_ID, NAME) VALUES (38, 7, 'Linac3');
INSERT INTO JAWS_OWNER.LOCATION (LOCATION_ID, PARENT_ID, NAME) VALUES (39, 7, 'Linac5');
INSERT INTO JAWS_OWNER.LOCATION (LOCATION_ID, PARENT_ID, NAME) VALUES (40, 7, 'Linac7');
INSERT INTO JAWS_OWNER.LOCATION (LOCATION_ID, PARENT_ID, NAME) VALUES (41, 7, 'Linac9');
INSERT INTO JAWS_OWNER.LOCATION (LOCATION_ID, PARENT_ID, NAME) VALUES (42, 8, 'Linac2');
INSERT INTO JAWS_OWNER.LOCATION (LOCATION_ID, PARENT_ID, NAME) VALUES (43, 8, 'Linac4');
INSERT INTO JAWS_OWNER.LOCATION (LOCATION_ID, PARENT_ID, NAME) VALUES (44, 8, 'Linac6');
INSERT INTO JAWS_OWNER.LOCATION (LOCATION_ID, PARENT_ID, NAME) VALUES (45, 8, 'Linac8');

DROP SEQUENCE JAWS_OWNER.LOCATION_ID;
CREATE SEQUENCE JAWS_OWNER.LOCATION_ID
    INCREMENT BY 1
    START WITH 46
    NOCYCLE
    NOCACHE
    ORDER;