alter session set container = XEPDB1;

-- Special characters such as the ampersand will result in prompt without this directive.
SET DEFINE OFF;

-- Classes
INSERT INTO JAWS_OWNER.ACTION (ACTION_ID, CATEGORY_ID, TEAM_ID, PRIORITY_ID, NAME, RATIONALE, CORRECTIVE_ACTION, FILTERABLE, LATCHABLE, ON_DELAY_SECONDS, OFF_DELAY_SECONDS) VALUES (1, 1, 5, 3, 'Position', 'Rationale goes here', 'Corrective action goes here', 'Y', 'N', 10, null);
INSERT INTO JAWS_OWNER.ACTION (ACTION_ID, CATEGORY_ID, TEAM_ID, PRIORITY_ID, NAME, RATIONALE, CORRECTIVE_ACTION, FILTERABLE, LATCHABLE, ON_DELAY_SECONDS, OFF_DELAY_SECONDS) VALUES (2, 1, 5, 3, 'Interception', 'Rationale goes here', 'Corrective action goes here', 'Y', 'N', 10, null);

-- ALARMs
INSERT INTO JAWS_OWNER.ALARM (ALARM_ID, ACTION_ID, NAME, DEVICE, SCREEN_COMMAND, MASKED_BY) VALUES (1, 1, 'Central Plug', null, null, null);
INSERT INTO JAWS_OWNER.ALARM (ALARM_ID, ACTION_ID, NAME, DEVICE, SCREEN_COMMAND, MASKED_BY) VALUES (2, 2, 'IFY0IA1 Interception', null, null, null);
INSERT INTO JAWS_OWNER.ALARM (ALARM_ID, ACTION_ID, NAME, DEVICE, SCREEN_COMMAND, MASKED_BY) VALUES (3, 1, 'IFY0IA1 Position', null, null, null);
INSERT INTO JAWS_OWNER.ALARM (ALARM_ID, ACTION_ID, NAME, DEVICE, SCREEN_COMMAND, MASKED_BY) VALUES (4, 2, 'IFY0IA2 Interception', null, null, null);
INSERT INTO JAWS_OWNER.ALARM (ALARM_ID, ACTION_ID, NAME, DEVICE, SCREEN_COMMAND, MASKED_BY) VALUES (5, 2, 'IFY0IA3 Interception', null, null, null);
INSERT INTO JAWS_OWNER.ALARM (ALARM_ID, ACTION_ID, NAME, DEVICE, SCREEN_COMMAND, MASKED_BY) VALUES (6, 2, 'IFY0IA4 Interception', null, null, null);
INSERT INTO JAWS_OWNER.ALARM (ALARM_ID, ACTION_ID, NAME, DEVICE, SCREEN_COMMAND, MASKED_BY) VALUES (7, 2, 'ISLK302 Interception', null, null, null);
INSERT INTO JAWS_OWNER.ALARM (ALARM_ID, ACTION_ID, NAME, DEVICE, SCREEN_COMMAND, MASKED_BY) VALUES (8, 2, 'ISLK401 Interception', null, null, null);
INSERT INTO JAWS_OWNER.ALARM (ALARM_ID, ACTION_ID, NAME, DEVICE, SCREEN_COMMAND, MASKED_BY) VALUES (9, 2, 'ISLK403 Interception', null, null, null);
INSERT INTO JAWS_OWNER.ALARM (ALARM_ID, ACTION_ID, NAME, DEVICE, SCREEN_COMMAND, MASKED_BY) VALUES (10, 1, 'Master Slit', null, null, null);

-- ALARM_locations
INSERT INTO JAWS_OWNER.ALARM_LOCATION (ALARM_ID, LOCATION_ID) VALUES (1, 6);
INSERT INTO JAWS_OWNER.ALARM_LOCATION (ALARM_ID, LOCATION_ID) VALUES (2, 6);
INSERT INTO JAWS_OWNER.ALARM_LOCATION (ALARM_ID, LOCATION_ID) VALUES (3, 6);
INSERT INTO JAWS_OWNER.ALARM_LOCATION (ALARM_ID, LOCATION_ID) VALUES (4, 6);
INSERT INTO JAWS_OWNER.ALARM_LOCATION (ALARM_ID, LOCATION_ID) VALUES (5, 6);
INSERT INTO JAWS_OWNER.ALARM_LOCATION (ALARM_ID, LOCATION_ID) VALUES (6, 6);
INSERT INTO JAWS_OWNER.ALARM_LOCATION (ALARM_ID, LOCATION_ID) VALUES (7, 5);
INSERT INTO JAWS_OWNER.ALARM_LOCATION (ALARM_ID, LOCATION_ID) VALUES (8, 5);
INSERT INTO JAWS_OWNER.ALARM_LOCATION (ALARM_ID, LOCATION_ID) VALUES (9, 5);
INSERT INTO JAWS_OWNER.ALARM_LOCATION (ALARM_ID, LOCATION_ID) VALUES (10, 6);

-- ALARM_source_epics
INSERT INTO JAWS_OWNER.ALARM_SOURCE_EPICS (ALARM_ID, PV) VALUES (1, 'IDA0I04T');
INSERT INTO JAWS_OWNER.ALARM_SOURCE_EPICS (ALARM_ID, PV) VALUES (2, 'IFY0IA1CORRECTED');
INSERT INTO JAWS_OWNER.ALARM_SOURCE_EPICS (ALARM_ID, PV) VALUES (3, 'VRD0IA1AbsPosR');
INSERT INTO JAWS_OWNER.ALARM_SOURCE_EPICS (ALARM_ID, PV) VALUES (4, 'IFY0IA2CORRECTED');
INSERT INTO JAWS_OWNER.ALARM_SOURCE_EPICS (ALARM_ID, PV) VALUES (5, 'IFY0IA3CORRECTED');
INSERT INTO JAWS_OWNER.ALARM_SOURCE_EPICS (ALARM_ID, PV) VALUES (6, 'IFY0IA4CORRECTED');
INSERT INTO JAWS_OWNER.ALARM_SOURCE_EPICS (ALARM_ID, PV) VALUES (7, 'ISLK302K6485correctedCur');
INSERT INTO JAWS_OWNER.ALARM_SOURCE_EPICS (ALARM_ID, PV) VALUES (8, 'ISLK401K6485correctedCur');
INSERT INTO JAWS_OWNER.ALARM_SOURCE_EPICS (ALARM_ID, PV) VALUES (9, 'ISLK403K6485correctedCur');
INSERT INTO JAWS_OWNER.ALARM_SOURCE_EPICS (ALARM_ID, PV) VALUES (10, 'ISL0I04DT');
